{
  "dataset": {
    "n_users": 600,
    "n_items": 200,
    "n_ratings": 17614,
    "density": 0.14678333333333332,
    "train_size": 14091,
    "test_size": 3523
  },
  "hyperparameters": {
    "n_factors": 100,
    "n_epochs": 100,
    "learning_rate": 0.008847359999999999,
    "reg_user": 0.15,
    "reg_item": 0.15,
    "k_neighbors": 20
  },
  "performance": {
    "train_rmse": 0.4151724208806705,
    "test_rmse": 0.4445409085706194,
    "target_achieved": true,
    "improvement_from_baseline": 0.4454590914293806
  },
  "time": {
    "training_time_seconds": 21.234226942062378,
    "total_time_seconds": 21.51581072807312
  },
  "training_history": {
    "rmse_per_epoch": [
      0.4280641646414517,
      0.41879662678102103,
      0.4122122540070137,
      0.40752979341370316,
      0.40428230867916204,
      0.4020211459697645,
      0.40052248796022427,
      0.39960064095446546,
      0.3990763268192288,
      0.39885539206766385,
      0.3988106071442074,
      0.39897802655293463,
      0.3992350235693134,
      0.399542279091168,
      0.39991836597625136,
      0.40033585738031235,
      0.4007703147288832,
      0.40122097235156207,
      0.40167517088048565,
      0.40210518960067443,
      0.4025196729910695,
      0.402958427850242,
      0.4033915791368377,
      0.4037886310065535,
      0.4041896081237505,
      0.40458108359852085,
      0.40495386786756354,
      0.4052929472072918,
      0.40565568767363946,
      0.40597879342474713,
      0.4062713311233552,
      0.40656563312336114,
      0.4068433261026673,
      0.40712592816911686,
      0.40739031051943175,
      0.40764983853128833,
      0.4078942607859925,
      0.40812996228920995,
      0.4083623739551679,
      0.40857653619428963,
      0.40878920274254316,
      0.40899461852609487,
      0.4091846892698595,
      0.4093791504223797,
      0.4095767425675783,
      0.4097499631573144,
      0.4099138148840448,
      0.41009164093477324,
      0.41024969926884913,
      0.4104080156958858,
      0.4105504562729499,
      0.4107016234485181,
      0.41084801255385184,
      0.4109813390803812,
      0.4111124916250513,
      0.41124724036451754,
      0.4113600525972885,
      0.41148778363573846,
      0.4116060968737362,
      0.41171909898817305,
      0.411826975648126,
      0.41191768630278697,
      0.4120271482604652,
      0.4121216416192645,
      0.4122156463208676,
      0.4123020341555423,
      0.4123980536205748,
      0.41248446340351136,
      0.41256505996615644,
      0.4126432892749355,
      0.41272843980301077,
      0.41280750326900945,
      0.4128766113719965,
      0.41296163142548215,
      0.41303182999240845,
      0.41310129912694765,
      0.4131663352946309,
      0.41322918248722096,
      0.41329190963569057,
      0.41335835258638237,
      0.41341734667136976,
      0.4134804293857156,
      0.4135398635802216,
      0.41359620847296485,
      0.4136531449108381,
      0.4137035544816762,
      0.4137608083137192,
      0.41381214643027553,
      0.41385772281136585,
      0.4139127167403373,
      0.41396270539826424,
      0.41400424503798416,
      0.41404899626051617,
      0.4140871592838651,
      0.4141309503196829,
      0.4141680298188296,
      0.41421152222714064,
      0.41424603858798187,
      0.4142928259851357,
      0.41432482474284
    ]
  }
}